{"eval/total_time": 0.010200023651123047, "eval/episode_reward": 35.287171042304834, "eval/episode_length": 1000.0, "eval/episode": 0.0, "eval/step": 0.0, "eval/frame": 0, "_runtime": 83, "_timestamp": 1674086717, "_step": 0}