{"eval/total_time": 2498.7638595104218, "eval/episode_reward": 173.40351946532397, "eval/episode_length": 1000.0, "eval/episode": 200.0, "eval/step": 100000.0, "eval/frame": 200000, "_runtime": 2543, "_timestamp": 1674101062, "_step": 216, "train/extr_reward": 0.5254479264020919, "train/batch_reward": 0.5254479264020919, "train/pred_error_mean": 0.0, "train/pred_error_std": 1.0, "train/critic_target_q": 26.926375831604005, "train/critic_q1": 26.925863845825194, "train/critic_q2": 26.926056114196776, "train/critic_loss": 0.7623815668821334, "train/actor_loss": -27.23085920715332, "train/actor_logprob": 2.73199049949646, "train/actor_ent": -1.1429965496063232, "train/fps": 96.98744244707342, "train/total_time": 2498.756410598755, "train/episode_reward": 18.55801781808539, "train/episode_length": 1000.0, "train/episode": 200.0, "train/buffer_size": 100000.0, "train/step": 100000.0, "train/frame": 200000}