{"eval/total_time": 2410.9796154499054, "eval/episode_reward": 36.752932719060595, "eval/episode_length": 1000.0, "eval/episode": 200.0, "eval/step": 100000.0, "eval/frame": 200000, "_runtime": 2460, "_timestamp": 1674087660, "_step": 216, "train/extr_reward": 0.184354689180851, "train/batch_reward": 0.184354689180851, "train/pred_error_mean": 0.0, "train/pred_error_std": 1.0, "train/critic_target_q": 5.834218114852905, "train/critic_q1": 5.834094509124756, "train/critic_q2": 5.834100692749024, "train/critic_loss": 0.07755935304611922, "train/actor_loss": -5.823507410049438, "train/actor_logprob": 2.9743177633285525, "train/actor_ent": -1.1429965496063232, "train/fps": 96.39563010570805, "train/total_time": 2410.971782207489, "train/episode_reward": 47.8055756905079, "train/episode_length": 1000.0, "train/episode": 200.0, "train/buffer_size": 100000.0, "train/step": 100000.0, "train/frame": 200000}