{"eval/total_time": 0.013133049011230469, "eval/episode_reward": 31.696535105227877, "eval/episode_length": 1000.0, "eval/episode": 0.0, "eval/step": 0.0, "eval/frame": 0, "_runtime": 79, "_timestamp": 1674086714, "_step": 0}