{"eval/total_time": 0.015146017074584961, "eval/episode_reward": 36.91872578938364, "eval/episode_length": 1000.0, "eval/episode": 0.0, "eval/step": 0.0, "eval/frame": 0, "_runtime": 84, "_timestamp": 1674096058, "_step": 0}