{"eval/total_time": 6564.3815178871155, "eval/episode_reward": 348.0711702050056, "eval/episode_length": 1000.0, "eval/episode": 200.0, "eval/step": 100000.0, "eval/frame": 200000, "_runtime": 6643, "_timestamp": 1674098031, "_step": 216, "train/extr_reward": 1.529024386882782, "train/batch_reward": 1.529024386882782, "train/pred_error_mean": 0.0, "train/pred_error_std": 1.0, "train/critic_target_q": 61.8744833984375, "train/critic_q1": 61.87266543579101, "train/critic_q2": 61.873116989135745, "train/critic_loss": 3.825629909992218, "train/actor_loss": -62.22973246765137, "train/actor_logprob": 2.929762052536011, "train/actor_ent": -1.1429965496063232, "train/fps": 37.71156314653302, "train/total_time": 6564.3715760707855, "train/episode_reward": 353.77801358269915, "train/episode_length": 1000.0, "train/episode": 200.0, "train/buffer_size": 100000.0, "train/step": 100000.0, "train/frame": 200000}