{"eval/total_time": 5005.684369325638, "eval/episode_reward": 129.26289736545553, "eval/episode_length": 1000.0, "eval/episode": 200.0, "eval/step": 100000.0, "eval/frame": 200000, "_runtime": 5080, "_timestamp": 1674101964, "_step": 216, "train/extr_reward": 0.6834567008018494, "train/batch_reward": 0.6834567008018494, "train/critic_target_q": 27.120107627868652, "train/critic_q1": 27.120795181274413, "train/critic_q2": 27.12095933532715, "train/critic_loss": 3.1045015954971316, "train/actor_loss": -27.249932472229005, "train/actor_logprob": 2.977810050010681, "train/actor_ent": -1.1429965496063232, "train/fps": 52.57747463947491, "train/total_time": 5005.6720089912415, "train/episode_reward": 200.66431189547507, "train/episode_length": 1000.0, "train/episode": 200.0, "train/buffer_size": 100000.0, "train/step": 100000.0, "train/frame": 200000}