{"eval/total_time": 6703.8097240924835, "eval/episode_reward": 107.5113379860687, "eval/episode_length": 1000.0, "eval/episode": 200.0, "eval/step": 100000.0, "eval/frame": 200000, "_runtime": 6792, "_timestamp": 1674096882, "_step": 216, "train/extr_reward": 0.3007112468481064, "train/batch_reward": 0.3007112468481064, "train/pred_error_mean": 0.0, "train/pred_error_std": 1.0, "train/critic_target_q": 15.995174983978272, "train/critic_q1": 15.995220592498779, "train/critic_q2": 15.995267974853515, "train/critic_loss": 0.9094619660973549, "train/actor_loss": -16.22766551208496, "train/actor_logprob": 2.8531538734436035, "train/actor_ent": -1.1429965496063232, "train/fps": 37.52611226394194, "train/total_time": 6703.796953678131, "train/episode_reward": 81.9819803376639, "train/episode_length": 1000.0, "train/episode": 200.0, "train/buffer_size": 100000.0, "train/step": 100000.0, "train/frame": 200000}