{"eval/total_time": 3384.4538033008575, "eval/episode_reward": 34.054117253653324, "eval/episode_length": 1000.0, "eval/episode": 200.0, "eval/step": 100000.0, "eval/frame": 200000, "_runtime": 3465, "_timestamp": 1674099458, "_step": 216, "train/extr_reward": 0.15993667089939118, "train/batch_reward": 0.15993667089939118, "train/pred_error_mean": 0.0, "train/pred_error_std": 1.0, "train/critic_target_q": 5.610984014511108, "train/critic_q1": 5.610902568817139, "train/critic_q2": 5.610892944335937, "train/critic_loss": 0.048324610520154236, "train/actor_loss": -5.604188158035278, "train/actor_logprob": 2.9802129526138303, "train/actor_ent": -1.1429965496063232, "train/fps": 90.92030190549201, "train/total_time": 3384.441632270813, "train/episode_reward": 44.352213414329, "train/episode_length": 1000.0, "train/episode": 200.0, "train/buffer_size": 100000.0, "train/step": 100000.0, "train/frame": 200000}