{"eval/total_time": 2613.60990858078, "eval/episode_reward": 394.59504658485713, "eval/episode_length": 1000.0, "eval/episode": 200.0, "eval/step": 100000.0, "eval/frame": 200000, "_runtime": 2661, "_timestamp": 1674087861, "_step": 216, "train/extr_reward": 1.3738317604064942, "train/batch_reward": 1.3738317604064942, "train/pred_error_mean": 0.0, "train/pred_error_std": 1.0, "train/critic_target_q": 73.63825064086915, "train/critic_q1": 73.63607336425781, "train/critic_q2": 73.63611538696289, "train/critic_loss": 2.1337638165950774, "train/actor_loss": -74.5786591796875, "train/actor_logprob": 2.733067872047424, "train/actor_ent": -1.1429965496063232, "train/fps": 90.86061730743744, "train/total_time": 2613.601986169815, "train/episode_reward": 386.9991048670924, "train/episode_length": 1000.0, "train/episode": 200.0, "train/buffer_size": 100000.0, "train/step": 100000.0, "train/frame": 200000}