{"eval/total_time": 2361.4679350852966, "eval/episode_reward": 374.97864959778866, "eval/episode_length": 1000.0, "eval/episode": 200.0, "eval/step": 100000.0, "eval/frame": 200000, "_runtime": 2411, "_timestamp": 1674098491, "_step": 216, "train/extr_reward": 1.347929986000061, "train/batch_reward": 1.347929986000061, "train/pred_error_mean": 0.0, "train/pred_error_std": 1.0, "train/critic_target_q": 64.36076126098632, "train/critic_q1": 64.35842556762695, "train/critic_q2": 64.35813764953613, "train/critic_loss": 7.9607830924987795, "train/actor_loss": -64.89493826293945, "train/actor_logprob": 2.876351873397827, "train/actor_ent": -1.1429965496063232, "train/fps": 98.07091378655288, "train/total_time": 2361.456652879715, "train/episode_reward": 401.87783654417643, "train/episode_length": 1000.0, "train/episode": 200.0, "train/buffer_size": 100000.0, "train/step": 100000.0, "train/frame": 200000}