{"eval/total_time": 1730.258608341217, "eval/episode_reward": 25.52470018390165, "eval/episode_length": 1000.0, "eval/episode": 200.0, "eval/step": 100000.0, "eval/frame": 200000, "_runtime": 1772, "_timestamp": 1674098040, "_step": 216, "train/extr_reward": 0.15404965150356292, "train/batch_reward": 0.15404965150356292, "train/pred_error_mean": 0.0, "train/pred_error_std": 1.0, "train/critic_target_q": 4.981008424758911, "train/critic_q1": 4.981036514282226, "train/critic_q2": 4.9810310668945315, "train/critic_loss": 0.0036185828528832644, "train/actor_loss": -4.979693983078003, "train/actor_logprob": 2.976163646697998, "train/actor_ent": -1.1429965496063232, "train/fps": 151.20717233880785, "train/total_time": 1730.2549226284027, "train/episode_reward": 27.11150658995425, "train/episode_length": 1000.0, "train/episode": 200.0, "train/buffer_size": 100000.0, "train/step": 100000.0, "train/frame": 200000}