{"eval/total_time": 7860.049451112747, "eval/episode_reward": 222.24495483049387, "eval/episode_length": 1000.0, "eval/episode": 200.0, "eval/step": 100000.0, "eval/frame": 200000, "_runtime": 7970, "_timestamp": 1674100746, "_step": 216, "train/extr_reward": 0.9310431258678437, "train/batch_reward": 0.9310431258678437, "train/pred_error_mean": 0.0, "train/pred_error_std": 1.0, "train/critic_target_q": 43.437324142456056, "train/critic_q1": 43.439685775756836, "train/critic_q2": 43.439272888183595, "train/critic_loss": 8.081258945465088, "train/actor_loss": -43.83238078308106, "train/actor_logprob": 2.917341696739197, "train/actor_ent": -1.1429965496063232, "train/fps": 32.59095549048526, "train/total_time": 7860.029976844788, "train/episode_reward": 234.9746501487786, "train/episode_length": 1000.0, "train/episode": 200.0, "train/buffer_size": 100000.0, "train/step": 100000.0, "train/frame": 200000}