{"eval/total_time": 2534.3966767787933, "eval/episode_reward": 472.6742441350344, "eval/episode_length": 1000.0, "eval/episode": 200.0, "eval/step": 100000.0, "eval/frame": 200000, "_runtime": 2578, "_timestamp": 1674098886, "_step": 216, "train/extr_reward": 1.5156639204025268, "train/batch_reward": 1.5156639204025268, "train/critic_target_q": 72.88645697021484, "train/critic_q1": 72.88389099121093, "train/critic_q2": 72.88369213867188, "train/critic_loss": 9.062529720306397, "train/actor_loss": -73.58467364501954, "train/actor_logprob": 2.8850812644958497, "train/actor_ent": -1.1429965496063232, "train/fps": 98.6924178892243, "train/total_time": 2534.3911986351013, "train/episode_reward": 430.2364845503484, "train/episode_length": 1000.0, "train/episode": 200.0, "train/buffer_size": 100000.0, "train/step": 100000.0, "train/frame": 200000}