{"eval/total_time": 5292.025034666061, "eval/episode_reward": 132.4103186097583, "eval/episode_length": 1000.0, "eval/episode": 200.0, "eval/step": 100000.0, "eval/frame": 200000, "_runtime": 5374, "_timestamp": 1674094223, "_step": 216, "train/extr_reward": 0.4780154447555542, "train/batch_reward": 0.4780154447555542, "train/critic_target_q": 27.031236518859863, "train/critic_q1": 27.0296378326416, "train/critic_q2": 27.029841819763185, "train/critic_loss": 2.173655262470245, "train/actor_loss": -27.416972145080567, "train/actor_logprob": 2.8018179483413697, "train/actor_ent": -1.1429965496063232, "train/fps": 48.99224738109629, "train/total_time": 5292.0111348629, "train/episode_reward": 143.88705422304264, "train/episode_length": 1000.0, "train/episode": 200.0, "train/buffer_size": 100000.0, "train/step": 100000.0, "train/frame": 200000}