{"eval/total_time": 3486.8466844558716, "eval/episode_reward": 606.8892720142651, "eval/episode_length": 1000.0, "eval/episode": 200.0, "eval/step": 100000.0, "eval/frame": 200000, "_runtime": 3568, "_timestamp": 1674090202, "_step": 216, "train/extr_reward": 1.5827060742378234, "train/batch_reward": 1.5827060742378234, "train/pred_error_mean": 0.0, "train/pred_error_std": 1.0, "train/critic_target_q": 100.12940447998047, "train/critic_q1": 100.1284758605957, "train/critic_q2": 100.12851849365235, "train/critic_loss": 10.561146076202393, "train/actor_loss": -101.51196936035156, "train/actor_logprob": 2.7401254835128785, "train/actor_ent": -1.1429965496063232, "train/fps": 85.66639035777627, "train/total_time": 3486.8343386650085, "train/episode_reward": 607.5675350132564, "train/episode_length": 1000.0, "train/episode": 200.0, "train/buffer_size": 100000.0, "train/step": 100000.0, "train/frame": 200000}