{"eval/total_time": 0.023110151290893555, "eval/episode_reward": 44.625452328321124, "eval/episode_length": 1000.0, "eval/episode": 0.0, "eval/step": 0.0, "eval/frame": 0, "_runtime": 111, "_timestamp": 1674086746, "_step": 0}