{"eval/total_time": 2367.0063920021057, "eval/episode_reward": 158.58997325957608, "eval/episode_length": 1000.0, "eval/episode": 200.0, "eval/step": 100000.0, "eval/frame": 200000, "_runtime": 2410, "_timestamp": 1674098758, "_step": 216, "train/extr_reward": 0.9026872956752777, "train/batch_reward": 0.9026872956752777, "train/critic_target_q": 29.09645883178711, "train/critic_q1": 29.096661361694338, "train/critic_q2": 29.096605590820314, "train/critic_loss": 0.06144137058407068, "train/actor_loss": -29.09434375, "train/actor_logprob": 2.9741685428619387, "train/actor_ent": -1.1429965496063232, "train/fps": 102.77772570652421, "train/total_time": 2367.000070333481, "train/episode_reward": 160.9586901253909, "train/episode_length": 1000.0, "train/episode": 200.0, "train/buffer_size": 100000.0, "train/step": 100000.0, "train/frame": 200000}