{"eval/total_time": 5543.557117462158, "eval/episode_reward": 289.8978217024239, "eval/episode_length": 1000.0, "eval/episode": 200.0, "eval/step": 100000.0, "eval/frame": 200000, "_runtime": 5635, "_timestamp": 1674098146, "_step": 216, "train/extr_reward": 0.6810241243839263, "train/batch_reward": 0.6810241243839263, "train/pred_error_mean": 0.0, "train/pred_error_std": 1.0, "train/critic_target_q": 40.62009896850586, "train/critic_q1": 40.615454681396486, "train/critic_q2": 40.61500437927246, "train/critic_loss": 8.198965769767762, "train/actor_loss": -41.27213558959961, "train/actor_logprob": 2.9035867958068846, "train/actor_ent": -1.1429965496063232, "train/fps": 48.75360345428535, "train/total_time": 5543.540614128113, "train/episode_reward": 244.62240098615615, "train/episode_length": 1000.0, "train/episode": 200.0, "train/buffer_size": 100000.0, "train/step": 100000.0, "train/frame": 200000}