{"eval/total_time": 2779.3687562942505, "eval/episode_reward": 143.93608026654456, "eval/episode_length": 1000.0, "eval/episode": 200.0, "eval/step": 100000.0, "eval/frame": 200000, "_runtime": 2838, "_timestamp": 1674088170, "_step": 216, "train/extr_reward": 1.0037194406986236, "train/batch_reward": 1.0037194406986236, "train/pred_error_mean": 0.0, "train/pred_error_std": 1.0, "train/critic_target_q": 35.850396980285645, "train/critic_q1": 35.849825241088865, "train/critic_q2": 35.84994445800781, "train/critic_loss": 2.015234946370125, "train/actor_loss": -35.81499153137207, "train/actor_logprob": 2.974963607788086, "train/actor_ent": -1.1429965496063232, "train/fps": 90.38582403043502, "train/total_time": 2779.363474369049, "train/episode_reward": 59.71730860522394, "train/episode_length": 1000.0, "train/episode": 200.0, "train/buffer_size": 100000.0, "train/step": 100000.0, "train/frame": 200000}