{"eval/total_time": 2592.7906591892242, "eval/episode_reward": 568.8597595967891, "eval/episode_length": 1000.0, "eval/episode": 200.0, "eval/step": 100000.0, "eval/frame": 200000, "_runtime": 2642, "_timestamp": 1674089278, "_step": 216, "train/extr_reward": 1.4114930047988892, "train/batch_reward": 1.4114930047988892, "train/critic_target_q": 83.63092370605469, "train/critic_q1": 83.62588824462891, "train/critic_q2": 83.62558102416992, "train/critic_loss": 16.156137660980225, "train/actor_loss": -84.72458584594726, "train/actor_logprob": 2.7406881799697875, "train/actor_ent": -1.1429965496063232, "train/fps": 94.93259210702442, "train/total_time": 2592.785325050354, "train/episode_reward": 506.1296747813053, "train/episode_length": 1000.0, "train/episode": 200.0, "train/buffer_size": 100000.0, "train/step": 100000.0, "train/frame": 200000}