{"eval/total_time": 5250.978203296661, "eval/episode_reward": 183.5088456175892, "eval/episode_length": 1000.0, "eval/episode": 200.0, "eval/step": 100000.0, "eval/frame": 200000, "_runtime": 5330, "_timestamp": 1674094236, "_step": 216, "train/extr_reward": 1.0533260297775269, "train/batch_reward": 1.0533260297775269, "train/critic_target_q": 37.13400177001953, "train/critic_q1": 37.13293298339844, "train/critic_q2": 37.13299382019043, "train/critic_loss": 1.5904343670606613, "train/actor_loss": -37.21376142883301, "train/actor_logprob": 2.743034483909607, "train/actor_ent": -1.1429965496063232, "train/fps": 49.075832965320515, "train/total_time": 5250.968374252319, "train/episode_reward": 159.46092817910275, "train/episode_length": 1000.0, "train/episode": 200.0, "train/buffer_size": 100000.0, "train/step": 100000.0, "train/frame": 200000}