{"eval/total_time": 5508.206127882004, "eval/episode_reward": 151.48597431572813, "eval/episode_length": 1000.0, "eval/episode": 200.0, "eval/step": 100000.0, "eval/frame": 200000, "_runtime": 5600, "_timestamp": 1674092494, "_step": 216, "train/extr_reward": 0.4855094803571701, "train/batch_reward": 0.4855094803571701, "train/critic_target_q": 20.767951232910157, "train/critic_q1": 20.76715574645996, "train/critic_q2": 20.767128295898438, "train/critic_loss": 2.62768177318573, "train/actor_loss": -20.93269100189209, "train/actor_logprob": 2.839144402503967, "train/actor_ent": -1.1429965496063232, "train/fps": 49.23464804966512, "train/total_time": 5508.193050861359, "train/episode_reward": 170.38765757987886, "train/episode_length": 1000.0, "train/episode": 200.0, "train/buffer_size": 100000.0, "train/step": 100000.0, "train/frame": 200000}