{"eval/total_time": 4962.55184674263, "eval/episode_reward": 65.48288639395733, "eval/episode_length": 1000.0, "eval/episode": 200.0, "eval/step": 100000.0, "eval/frame": 200000, "_runtime": 5015, "_timestamp": 1674092702, "_step": 216, "train/extr_reward": 0.2960228346586227, "train/batch_reward": 0.2960228346586227, "train/critic_target_q": 13.238334892272949, "train/critic_q1": 13.237843017578125, "train/critic_q2": 13.237825862884522, "train/critic_loss": 0.12073596996068954, "train/actor_loss": -13.344003204345704, "train/actor_logprob": 2.6594641790390017, "train/actor_ent": -1.1429965496063232, "train/fps": 46.311728637533385, "train/total_time": 4962.542768001556, "train/episode_reward": 64.79158142651424, "train/episode_length": 1000.0, "train/episode": 200.0, "train/buffer_size": 100000.0, "train/step": 100000.0, "train/frame": 200000}