{"eval/total_time": 3401.092847108841, "eval/episode_reward": 152.1973419020445, "eval/episode_length": 1000.0, "eval/episode": 200.0, "eval/step": 100000.0, "eval/frame": 200000, "_runtime": 3475, "_timestamp": 1674090238, "_step": 216, "train/extr_reward": 0.8965320434570313, "train/batch_reward": 0.8965320434570313, "train/critic_target_q": 29.033823127746583, "train/critic_q1": 29.033812255859374, "train/critic_q2": 29.033864738464356, "train/critic_loss": 0.10146220031380654, "train/actor_loss": -29.03607736968994, "train/actor_logprob": 2.9749224338531493, "train/actor_ent": -1.1429965496063232, "train/fps": 91.67699852464062, "train/total_time": 3401.0813920497894, "train/episode_reward": 162.62144401538185, "train/episode_length": 1000.0, "train/episode": 200.0, "train/buffer_size": 100000.0, "train/step": 100000.0, "train/frame": 200000}