{"eval/total_time": 5031.90836930275, "eval/episode_reward": 228.58192328729237, "eval/episode_length": 1000.0, "eval/episode": 200.0, "eval/step": 100000.0, "eval/frame": 200000, "_runtime": 5088, "_timestamp": 1674092961, "_step": 216, "train/extr_reward": 0.9889182453155517, "train/batch_reward": 0.9889182453155517, "train/critic_target_q": 39.73203817749023, "train/critic_q1": 39.73181387329102, "train/critic_q2": 39.73230032348633, "train/critic_loss": 3.961958480834961, "train/actor_loss": -39.97825303649903, "train/actor_logprob": 2.789208004951477, "train/actor_ent": -1.1429965496063232, "train/fps": 44.360487853003086, "train/total_time": 5031.900735139847, "train/episode_reward": 218.88997921160026, "train/episode_length": 1000.0, "train/episode": 200.0, "train/buffer_size": 100000.0, "train/step": 100000.0, "train/frame": 200000}