{"eval/total_time": 5178.471915245056, "eval/episode_reward": 59.86364820306151, "eval/episode_length": 1000.0, "eval/episode": 200.0, "eval/step": 100000.0, "eval/frame": 200000, "_runtime": 5235, "_timestamp": 1674097960, "_step": 216, "train/extr_reward": 0.2605382215380669, "train/batch_reward": 0.2605382215380669, "train/pred_error_mean": 0.0, "train/pred_error_std": 1.0, "train/critic_target_q": 10.767914390563964, "train/critic_q1": 10.767743061065675, "train/critic_q2": 10.76775643157959, "train/critic_loss": 0.11771373930573463, "train/actor_loss": -10.830353466033936, "train/actor_logprob": 2.6497409982681273, "train/actor_ent": -1.1429965496063232, "train/fps": 42.90104346718573, "train/total_time": 5178.463339328766, "train/episode_reward": 51.47518491420513, "train/episode_length": 1000.0, "train/episode": 200.0, "train/buffer_size": 100000.0, "train/step": 100000.0, "train/frame": 200000}