{"eval/total_time": 0.023293495178222656, "eval/episode_reward": 53.3969971662534, "eval/episode_length": 1000.0, "eval/episode": 0.0, "eval/step": 0.0, "eval/frame": 0, "_runtime": 78, "_timestamp": 1674086841, "_step": 0}