{"eval/total_time": 4827.767854452133, "eval/episode_reward": 190.77770910211845, "eval/episode_length": 1000.0, "eval/episode": 200.0, "eval/step": 100000.0, "eval/frame": 200000, "_runtime": 4910, "_timestamp": 1674101016, "_step": 216, "train/extr_reward": 0.992937400341034, "train/batch_reward": 0.992937400341034, "train/pred_error_mean": 0.0, "train/pred_error_std": 1.0, "train/critic_target_q": 37.565941986083985, "train/critic_q1": 37.566113220214845, "train/critic_q2": 37.56603429412842, "train/critic_loss": 1.3446041039824486, "train/actor_loss": -37.544697593688966, "train/actor_logprob": 2.973234337806702, "train/actor_ent": -1.1429965496063232, "train/fps": 54.60893902027155, "train/total_time": 4827.7571675777435, "train/episode_reward": 260.3145532489784, "train/episode_length": 1000.0, "train/episode": 200.0, "train/buffer_size": 100000.0, "train/step": 100000.0, "train/frame": 200000}