{"eval/total_time": 2877.471005678177, "eval/episode_reward": 25.543361065581195, "eval/episode_length": 1000.0, "eval/episode": 40.0, "eval/step": 40000.0, "eval/frame": 40000, "_runtime": 3613, "_timestamp": 1674082902, "_step": 49, "train/batch_reward": 0.08351812481880189, "train/critic_target_q": 4.356379477500916, "train/critic_q1": 4.356473376274109, "train/critic_q2": 4.356454494476318, "train/critic_loss": 0.05375732385367155, "train/actor_loss": -4.41672191619873, "train/actor_logprob": 2.7565740928649904, "train/actor_ent": -1.1429965496063232, "train/fps": 13.544773604264371, "train/total_time": 3597.3402235507965, "train/episode_reward": 62.064215262196825, "train/episode_length": 1000.0, "train/episode": 49.0, "train/buffer_size": 49000.0, "train/step": 49000.0, "train/frame": 49000}