{"eval/total_time": 3317.700127840042, "eval/episode_reward": 506.0062519313142, "eval/episode_length": 1000.0, "eval/episode": 200.0, "eval/step": 100000.0, "eval/frame": 200000, "_runtime": 3391, "_timestamp": 1674088965, "_step": 216, "train/extr_reward": 1.9691356077194213, "train/batch_reward": 1.9691356077194213, "train/pred_error_mean": 0.0, "train/pred_error_std": 1.0, "train/critic_target_q": 91.80813146972656, "train/critic_q1": 91.80564965820312, "train/critic_q2": 91.80618389892578, "train/critic_loss": 6.534210289001465, "train/actor_loss": -92.3802194519043, "train/actor_logprob": 2.68545255279541, "train/actor_ent": -1.1429965496063232, "train/fps": 89.49107804054945, "train/total_time": 3317.6891627311707, "train/episode_reward": 456.39104086872857, "train/episode_length": 1000.0, "train/episode": 200.0, "train/buffer_size": 100000.0, "train/step": 100000.0, "train/frame": 200000}