{"eval/total_time": 5111.051151037216, "eval/episode_reward": 302.4087809029667, "eval/episode_length": 1000.0, "eval/episode": 200.0, "eval/step": 100000.0, "eval/frame": 200000, "_runtime": 5198, "_timestamp": 1674097586, "_step": 216, "train/extr_reward": 1.3806928915977479, "train/batch_reward": 1.3806928915977479, "train/pred_error_mean": 0.0, "train/pred_error_std": 1.0, "train/critic_target_q": 52.4120320892334, "train/critic_q1": 52.4114662322998, "train/critic_q2": 52.412089309692384, "train/critic_loss": 4.307529398441314, "train/actor_loss": -52.64915640258789, "train/actor_logprob": 2.9272238206863403, "train/actor_ent": -1.1429965496063232, "train/fps": 50.68259333289204, "train/total_time": 5111.035873413086, "train/episode_reward": 239.2275634505374, "train/episode_length": 1000.0, "train/episode": 200.0, "train/buffer_size": 100000.0, "train/step": 100000.0, "train/frame": 200000}