{"eval/total_time": 6758.976244211197, "eval/episode_reward": 314.64688164616325, "eval/episode_length": 1000.0, "eval/episode": 200.0, "eval/step": 100000.0, "eval/frame": 200000, "_runtime": 6847, "_timestamp": 1674093733, "_step": 216, "train/extr_reward": 1.28603697013855, "train/batch_reward": 1.28603697013855, "train/critic_target_q": 52.12097933959961, "train/critic_q1": 52.121873474121095, "train/critic_q2": 52.12179034423828, "train/critic_loss": 3.089391670703888, "train/actor_loss": -52.42109606933594, "train/actor_logprob": 2.8981237869262695, "train/actor_ent": -1.1429965496063232, "train/fps": 37.28025199837088, "train/total_time": 6758.964312553406, "train/episode_reward": 335.0059137988797, "train/episode_length": 1000.0, "train/episode": 200.0, "train/buffer_size": 100000.0, "train/step": 100000.0, "train/frame": 200000}