{"eval/total_time": 0.007769107818603516, "eval/episode_reward": 165.46616644972062, "eval/episode_length": 1000.0, "eval/episode": 0.0, "eval/step": 0.0, "eval/frame": 0, "_runtime": 139, "_timestamp": 1674083426, "_step": 2, "train/extr_reward": 0.7457419602870942, "train/batch_reward": 0.7457419602870942, "train/pred_error_mean": 0.0, "train/pred_error_std": 1.0, "train/critic_target_q": 3.959575563430786, "train/critic_q1": 3.9546115760803224, "train/critic_q2": 3.9543535079956054, "train/critic_loss": 0.44842027479410174, "train/actor_loss": -3.9949067840576173, "train/actor_logprob": 2.8699097604751587, "train/actor_ent": -1.1429965496063232, "train/fps": 47.38572504897328, "train/total_time": 119.45833539962769, "train/episode_reward": 172.51191934338232, "train/episode_length": 1000.0, "train/episode": 6.0, "train/buffer_size": 3000.0, "train/step": 3000.0, "train/frame": 6000}