{"eval/total_time": 0.016040325164794922, "eval/episode_reward": 43.54203629386576, "eval/episode_length": 1000.0, "eval/episode": 0.0, "eval/step": 0.0, "eval/frame": 0, "_runtime": 79, "_timestamp": 1674086844, "_step": 0}