{"eval/total_time": 5011.6374344825745, "eval/episode_reward": 23.746862178692037, "eval/episode_length": 1000.0, "eval/episode": 200.0, "eval/step": 100000.0, "eval/frame": 200000, "_runtime": 5095, "_timestamp": 1674091731, "_step": 216, "train/extr_reward": 0.1648656177520752, "train/batch_reward": 0.1648656177520752, "train/pred_error_mean": 0.0, "train/pred_error_std": 1.0, "train/critic_target_q": 5.25483775138855, "train/critic_q1": 5.254729885101319, "train/critic_q2": 5.2547095584869385, "train/critic_loss": 0.17758009925484658, "train/actor_loss": -5.242949184417725, "train/actor_logprob": 2.9751059741973878, "train/actor_ent": -1.1429965496063232, "train/fps": 52.16736650322947, "train/total_time": 5011.626281499863, "train/episode_reward": 24.627368890416903, "train/episode_length": 1000.0, "train/episode": 200.0, "train/buffer_size": 100000.0, "train/step": 100000.0, "train/frame": 200000}