{"eval/total_time": 0.0133056640625, "eval/episode_reward": 25.110422765516656, "eval/episode_length": 1000.0, "eval/episode": 0.0, "eval/step": 0.0, "eval/frame": 0, "_runtime": 73, "_timestamp": 1674085529, "_step": 0}