{"eval/total_time": 4915.985514163971, "eval/episode_reward": 332.4945077006556, "eval/episode_length": 1000.0, "eval/episode": 200.0, "eval/step": 100000.0, "eval/frame": 200000, "_runtime": 4996, "_timestamp": 1674090071, "_step": 216, "train/extr_reward": 0.9696856627464294, "train/batch_reward": 0.9696856627464294, "train/pred_error_mean": 0.0, "train/pred_error_std": 1.0, "train/critic_target_q": 60.46421060180664, "train/critic_q1": 60.4587279510498, "train/critic_q2": 60.458527618408205, "train/critic_loss": 7.183466051101685, "train/actor_loss": -61.24163990783691, "train/actor_logprob": 2.9680996932983397, "train/actor_ent": -1.1429965496063232, "train/fps": 52.388240369452966, "train/total_time": 4915.972992181778, "train/episode_reward": 335.2005495262901, "train/episode_length": 1000.0, "train/episode": 200.0, "train/buffer_size": 100000.0, "train/step": 100000.0, "train/frame": 200000}