{"eval/total_time": 3508.7711610794067, "eval/episode_reward": 50.20634848281678, "eval/episode_length": 1000.0, "eval/episode": 200.0, "eval/step": 100000.0, "eval/frame": 200000, "_runtime": 3572, "_timestamp": 1674099858, "_step": 216, "train/extr_reward": 0.16450566399097444, "train/batch_reward": 0.16450566399097444, "train/critic_target_q": 6.517041912078858, "train/critic_q1": 6.516687482833862, "train/critic_q2": 6.516705835342408, "train/critic_loss": 0.047289279095828536, "train/actor_loss": -6.597698945999145, "train/actor_logprob": 2.9726082334518433, "train/actor_ent": -1.1429965496063232, "train/fps": 80.19014354849851, "train/total_time": 3508.7616381645203, "train/episode_reward": 63.99955819762046, "train/episode_length": 1000.0, "train/episode": 200.0, "train/buffer_size": 100000.0, "train/step": 100000.0, "train/frame": 200000}