{"eval/total_time": 0.008743047714233398, "eval/episode_reward": 22.728121006666196, "eval/episode_length": 1000.0, "eval/episode": 0.0, "eval/step": 0.0, "eval/frame": 0, "_runtime": 203, "_timestamp": 1674083177, "_step": 1, "train/batch_reward": 0.08767462481558323, "train/critic_target_q": 0.6670500326156616, "train/critic_q1": 0.6670433353781701, "train/critic_q2": 0.6667578425705433, "train/critic_loss": 0.02469672965630889, "train/actor_loss": -0.6742499876618385, "train/actor_logprob": 2.795925040483475, "train/actor_ent": -1.1429965496063232, "train/fps": 5.369050471343247, "train/total_time": 186.2526774406433, "train/episode_reward": 17.889417502486406, "train/episode_length": 1000.0, "train/episode": 5.0, "train/buffer_size": 5000.0, "train/step": 5000.0, "train/frame": 5000}