{"eval/total_time": 0.016428709030151367, "eval/episode_reward": 25.110422765467412, "eval/episode_length": 1000.0, "eval/episode": 0.0, "eval/step": 0.0, "eval/frame": 0, "_runtime": 55, "_timestamp": 1674096266, "_step": 0}