{"eval/total_time": 3497.11124253273, "eval/episode_reward": 32.06850498777037, "eval/episode_length": 1000.0, "eval/episode": 200.0, "eval/step": 100000.0, "eval/frame": 200000, "_runtime": 3579, "_timestamp": 1674092371, "_step": 216, "train/extr_reward": 0.16709982228279113, "train/batch_reward": 0.16709982228279113, "train/pred_error_mean": 0.0, "train/pred_error_std": 1.0, "train/critic_target_q": 6.037342044830322, "train/critic_q1": 6.037390691757202, "train/critic_q2": 6.037369235992432, "train/critic_loss": 0.02865991224721074, "train/actor_loss": -6.034153453826904, "train/actor_logprob": 2.973234337806702, "train/actor_ent": -1.1429965496063232, "train/fps": 86.41328490859131, "train/total_time": 3497.097064971924, "train/episode_reward": 44.07716011878027, "train/episode_length": 1000.0, "train/episode": 200.0, "train/buffer_size": 100000.0, "train/step": 100000.0, "train/frame": 200000}