{"eval/total_time": 4918.57198882103, "eval/episode_reward": 321.99500307500966, "eval/episode_length": 1000.0, "eval/episode": 200.0, "eval/step": 100000.0, "eval/frame": 200000, "_runtime": 4991, "_timestamp": 1674101892, "_step": 216, "train/extr_reward": 0.8230308282375336, "train/batch_reward": 0.8230308282375336, "train/critic_target_q": 43.57009336853027, "train/critic_q1": 43.56878547668457, "train/critic_q2": 43.568805908203124, "train/critic_loss": 3.957180955886841, "train/actor_loss": -44.1681561126709, "train/actor_logprob": 2.967489500999451, "train/actor_ent": -1.1429965496063232, "train/fps": 53.412248349157124, "train/total_time": 4918.558246850967, "train/episode_reward": 282.90937698225207, "train/episode_length": 1000.0, "train/episode": 200.0, "train/buffer_size": 100000.0, "train/step": 100000.0, "train/frame": 200000}