{"eval/total_time": 2411.847881793976, "eval/episode_reward": 149.22017338381477, "eval/episode_length": 1000.0, "eval/episode": 200.0, "eval/step": 100000.0, "eval/frame": 200000, "_runtime": 2461, "_timestamp": 1674098672, "_step": 216, "train/extr_reward": 0.984644244670868, "train/batch_reward": 0.984644244670868, "train/pred_error_mean": 0.0, "train/pred_error_std": 1.0, "train/critic_target_q": 34.921058471679686, "train/critic_q1": 34.919733840942385, "train/critic_q2": 34.919672332763675, "train/critic_loss": 2.7192968146800993, "train/actor_loss": -34.88024410247803, "train/actor_logprob": 2.9739047060012815, "train/actor_ent": -1.1429965496063232, "train/fps": 103.61632051714088, "train/total_time": 2411.842496395111, "train/episode_reward": 250.37776747835568, "train/episode_length": 1000.0, "train/episode": 200.0, "train/buffer_size": 100000.0, "train/step": 100000.0, "train/frame": 200000}