{"eval/total_time": 3386.805930376053, "eval/episode_reward": 636.4156058486315, "eval/episode_length": 1000.0, "eval/episode": 200.0, "eval/step": 100000.0, "eval/frame": 200000, "_runtime": 3456, "_timestamp": 1674088912, "_step": 216, "train/extr_reward": 2.5509643478393556, "train/batch_reward": 2.5509643478393556, "train/pred_error_mean": 0.0, "train/pred_error_std": 1.0, "train/critic_target_q": 125.07375814819336, "train/critic_q1": 125.0741477355957, "train/critic_q2": 125.07491046142579, "train/critic_loss": 22.9553349571228, "train/actor_loss": -125.93654995727539, "train/actor_logprob": 2.71669487953186, "train/actor_ent": -1.1429965496063232, "train/fps": 85.42833481406528, "train/total_time": 3386.796451330185, "train/episode_reward": 655.6919366239827, "train/episode_length": 1000.0, "train/episode": 200.0, "train/buffer_size": 100000.0, "train/step": 100000.0, "train/frame": 200000}