{"eval/total_time": 5113.870391607285, "eval/episode_reward": 59.24392270267649, "eval/episode_length": 1000.0, "eval/episode": 200.0, "eval/step": 100000.0, "eval/frame": 200000, "_runtime": 5198, "_timestamp": 1674095419, "_step": 216, "train/extr_reward": 0.26595272904634476, "train/batch_reward": 0.26595272904634476, "train/pred_error_mean": 0.0, "train/pred_error_std": 1.0, "train/critic_target_q": 11.771577972412109, "train/critic_q1": 11.771488227844237, "train/critic_q2": 11.771480926513672, "train/critic_loss": 0.15905607008934022, "train/actor_loss": -11.876423549652099, "train/actor_logprob": 2.6674521856307982, "train/actor_ent": -1.1429965496063232, "train/fps": 52.436850367452664, "train/total_time": 5113.857352256775, "train/episode_reward": 83.65998399948568, "train/episode_length": 1000.0, "train/episode": 200.0, "train/buffer_size": 100000.0, "train/step": 100000.0, "train/frame": 200000}