{"eval/total_time": 6782.056543111801, "eval/episode_reward": 345.65037651049465, "eval/episode_length": 1000.0, "eval/episode": 200.0, "eval/step": 100000.0, "eval/frame": 200000, "_runtime": 6872, "_timestamp": 1674096863, "_step": 216, "train/extr_reward": 1.484289228439331, "train/batch_reward": 1.484289228439331, "train/pred_error_mean": 0.0, "train/pred_error_std": 1.0, "train/critic_target_q": 58.67671987915039, "train/critic_q1": 58.676645767211916, "train/critic_q2": 58.676565353393556, "train/critic_loss": 2.8979046783447266, "train/actor_loss": -59.023898208618164, "train/actor_logprob": 2.9111386890411377, "train/actor_ent": -1.1429965496063232, "train/fps": 37.48173690862693, "train/total_time": 6782.045065879822, "train/episode_reward": 258.40773266386844, "train/episode_length": 1000.0, "train/episode": 200.0, "train/buffer_size": 100000.0, "train/step": 100000.0, "train/frame": 200000}