{"eval/total_time": 5008.6175973415375, "eval/episode_reward": 214.08859432539924, "eval/episode_length": 1000.0, "eval/episode": 200.0, "eval/step": 100000.0, "eval/frame": 200000, "_runtime": 5062, "_timestamp": 1674092947, "_step": 216, "train/extr_reward": 0.8985715916156769, "train/batch_reward": 0.8985715916156769, "train/critic_target_q": 37.97031719970703, "train/critic_q1": 37.96938784790039, "train/critic_q2": 37.969529190063476, "train/critic_loss": 1.196662676334381, "train/actor_loss": -38.21722611999512, "train/actor_logprob": 2.8901156072616576, "train/actor_ent": -1.1429965496063232, "train/fps": 45.47175406459993, "train/total_time": 5008.607366800308, "train/episode_reward": 244.58947533712924, "train/episode_length": 1000.0, "train/episode": 200.0, "train/buffer_size": 100000.0, "train/step": 100000.0, "train/frame": 200000}