{"eval/total_time": 5859.500116825104, "eval/episode_reward": 320.6200738931535, "eval/episode_length": 1000.0, "eval/episode": 200.0, "eval/step": 100000.0, "eval/frame": 200000, "_runtime": 5955, "_timestamp": 1674092760, "_step": 216, "train/extr_reward": 1.1083820841312408, "train/batch_reward": 1.1083820841312408, "train/critic_target_q": 52.9224292755127, "train/critic_q1": 52.91980819702148, "train/critic_q2": 52.91965653991699, "train/critic_loss": 6.279517681121826, "train/actor_loss": -53.452287109375, "train/actor_logprob": 2.9679009714126585, "train/actor_ent": -1.1429965496063232, "train/fps": 46.95597856857876, "train/total_time": 5859.48947763443, "train/episode_reward": 339.587973629453, "train/episode_length": 1000.0, "train/episode": 200.0, "train/buffer_size": 100000.0, "train/step": 100000.0, "train/frame": 200000}