{"eval/total_time": 2689.8915297985077, "eval/episode_reward": 26.21534864064276, "eval/episode_length": 1000.0, "eval/episode": 200.0, "eval/step": 100000.0, "eval/frame": 200000, "_runtime": 2745, "_timestamp": 1674087945, "_step": 216, "train/extr_reward": 0.17715392363071442, "train/batch_reward": 0.17715392363071442, "train/pred_error_mean": 0.0, "train/pred_error_std": 1.0, "train/critic_target_q": 5.648610523223877, "train/critic_q1": 5.648609983444214, "train/critic_q2": 5.648511669158935, "train/critic_loss": 0.08015387923270464, "train/actor_loss": -5.6377965888977055, "train/actor_logprob": 2.9760295248031614, "train/actor_ent": -1.1429965496063232, "train/fps": 95.62617208522333, "train/total_time": 2689.8859207630157, "train/episode_reward": 9.928405584779197, "train/episode_length": 1000.0, "train/episode": 200.0, "train/buffer_size": 100000.0, "train/step": 100000.0, "train/frame": 200000}