{"eval/total_time": 4812.898225545883, "eval/episode_reward": 202.56074311310167, "eval/episode_length": 1000.0, "eval/episode": 200.0, "eval/step": 100000.0, "eval/frame": 200000, "_runtime": 4892, "_timestamp": 1674089970, "_step": 216, "train/extr_reward": 0.9749663014411927, "train/batch_reward": 0.9749663014411927, "train/pred_error_mean": 0.0, "train/pred_error_std": 1.0, "train/critic_target_q": 36.640605979919435, "train/critic_q1": 36.63968353271484, "train/critic_q2": 36.63968252563477, "train/critic_loss": 2.217518517613411, "train/actor_loss": -36.611761016845705, "train/actor_logprob": 2.9743177633285525, "train/actor_ent": -1.1429965496063232, "train/fps": 54.264396307452564, "train/total_time": 4812.885409355164, "train/episode_reward": 260.5911468779466, "train/episode_length": 1000.0, "train/episode": 200.0, "train/buffer_size": 100000.0, "train/step": 100000.0, "train/frame": 200000}