{"eval/total_time": 2485.174340248108, "eval/episode_reward": 203.70548310800743, "eval/episode_length": 1000.0, "eval/episode": 200.0, "eval/step": 100000.0, "eval/frame": 200000, "_runtime": 2539, "_timestamp": 1674098513, "_step": 216, "train/extr_reward": 0.9340319268703461, "train/batch_reward": 0.9340319268703461, "train/pred_error_mean": 0.0, "train/pred_error_std": 1.0, "train/critic_target_q": 35.1796703414917, "train/critic_q1": 35.17880403900146, "train/critic_q2": 35.17917514801025, "train/critic_loss": 2.2478380880951883, "train/actor_loss": -35.16394874572754, "train/actor_logprob": 2.9802129526138303, "train/actor_ent": -1.1429965496063232, "train/fps": 101.90797307948797, "train/total_time": 2485.168659925461, "train/episode_reward": 265.00337228160333, "train/episode_length": 1000.0, "train/episode": 200.0, "train/buffer_size": 100000.0, "train/step": 100000.0, "train/frame": 200000}