{"eval/total_time": 4562.322742462158, "eval/episode_reward": 29.937181685442162, "eval/episode_length": 1000.0, "eval/episode": 200.0, "eval/step": 100000.0, "eval/frame": 200000, "_runtime": 4626, "_timestamp": 1674091370, "_step": 216, "train/extr_reward": 0.1485901480913162, "train/batch_reward": 0.1485901480913162, "train/critic_target_q": 4.76148881149292, "train/critic_q1": 4.761618204116822, "train/critic_q2": 4.761590251922607, "train/critic_loss": 0.06673410146683455, "train/actor_loss": -4.737454532623291, "train/actor_logprob": 2.972389645576477, "train/actor_ent": -1.1429965496063232, "train/fps": 54.403104295786584, "train/total_time": 4562.313294649124, "train/episode_reward": 14.255184432302922, "train/episode_length": 1000.0, "train/episode": 200.0, "train/buffer_size": 100000.0, "train/step": 100000.0, "train/frame": 200000}