{"eval/total_time": 3557.7691032886505, "eval/episode_reward": 34.08033239361562, "eval/episode_length": 1000.0, "eval/episode": 200.0, "eval/step": 100000.0, "eval/frame": 200000, "_runtime": 3633, "_timestamp": 1674088830, "_step": 216, "train/extr_reward": 0.16417874771356583, "train/batch_reward": 0.16417874771356583, "train/pred_error_mean": 0.0, "train/pred_error_std": 1.0, "train/critic_target_q": 5.850266902923584, "train/critic_q1": 5.85023628616333, "train/critic_q2": 5.850241315841675, "train/critic_loss": 0.055738759005442264, "train/actor_loss": -5.844830415725708, "train/actor_logprob": 2.9743177633285525, "train/actor_ent": -1.1429965496063232, "train/fps": 79.65880848517914, "train/total_time": 3557.7585065364838, "train/episode_reward": 44.099787548375666, "train/episode_length": 1000.0, "train/episode": 200.0, "train/buffer_size": 100000.0, "train/step": 100000.0, "train/frame": 200000}