{"eval/total_time": 2502.229847431183, "eval/episode_reward": 451.8688456049882, "eval/episode_length": 1000.0, "eval/episode": 200.0, "eval/step": 100000.0, "eval/frame": 200000, "_runtime": 2551, "_timestamp": 1674087851, "_step": 216, "train/extr_reward": 1.8392226905822755, "train/batch_reward": 1.8392226905822755, "train/pred_error_mean": 0.0, "train/pred_error_std": 1.0, "train/critic_target_q": 93.68729675292968, "train/critic_q1": 93.68754733276367, "train/critic_q2": 93.68815008544922, "train/critic_loss": 12.667132762908935, "train/actor_loss": -94.4924221496582, "train/actor_logprob": 2.7115620641708373, "train/actor_ent": -1.1429965496063232, "train/fps": 98.32699622624241, "train/total_time": 2502.2217648029327, "train/episode_reward": 563.3506249403273, "train/episode_length": 1000.0, "train/episode": 200.0, "train/buffer_size": 100000.0, "train/step": 100000.0, "train/frame": 200000}