{"eval/total_time": 6498.069507360458, "eval/episode_reward": 196.55534674406044, "eval/episode_length": 1000.0, "eval/episode": 200.0, "eval/step": 100000.0, "eval/frame": 200000, "_runtime": 6578, "_timestamp": 1674097967, "_step": 216, "train/extr_reward": 0.719850667476654, "train/batch_reward": 0.719850667476654, "train/pred_error_mean": 0.0, "train/pred_error_std": 1.0, "train/critic_target_q": 31.3164196395874, "train/critic_q1": 31.315222831726075, "train/critic_q2": 31.31493859100342, "train/critic_loss": 2.5472455501556395, "train/actor_loss": -31.559077362060545, "train/actor_logprob": 2.8577528791427613, "train/actor_ent": -1.1429965496063232, "train/fps": 37.569366843687305, "train/total_time": 6498.058415412903, "train/episode_reward": 153.62580286218488, "train/episode_length": 1000.0, "train/episode": 200.0, "train/buffer_size": 100000.0, "train/step": 100000.0, "train/frame": 200000}