{"eval/total_time": 536.7563796043396, "eval/episode_reward": 32.063374528009625, "eval/episode_length": 1000.0, "eval/episode": 10.0, "eval/step": 10000.0, "eval/frame": 10000, "_runtime": 607, "_timestamp": 1674079133, "_step": 7, "train/batch_reward": 0.07490445019304752, "train/critic_target_q": 1.3478385498523713, "train/critic_q1": 1.3477998187541962, "train/critic_q2": 1.347798142671585, "train/critic_loss": 0.007571814389899373, "train/actor_loss": -1.3424691846370698, "train/actor_logprob": 2.9745520997047423, "train/actor_ent": -1.1429965496063232, "train/fps": 14.187704446357996, "train/total_time": 536.7458715438843, "train/episode_reward": 18.13623658148073, "train/episode_length": 1000.0, "train/episode": 10.0, "train/buffer_size": 10000.0, "train/step": 10000.0, "train/frame": 10000}