{"eval/total_time": 6865.930146217346, "eval/episode_reward": 223.27535667975795, "eval/episode_length": 1000.0, "eval/episode": 200.0, "eval/step": 100000.0, "eval/frame": 200000, "_runtime": 6954, "_timestamp": 1674098703, "_step": 216, "train/extr_reward": 0.6973223361968994, "train/batch_reward": 0.6973223361968994, "train/pred_error_mean": 0.0, "train/pred_error_std": 1.0, "train/critic_target_q": 31.372363418579102, "train/critic_q1": 31.37164498901367, "train/critic_q2": 31.371853309631348, "train/critic_loss": 4.290833745002747, "train/actor_loss": -31.696538032531738, "train/actor_logprob": 2.8555474624633788, "train/actor_ent": -1.1429965496063232, "train/fps": 37.085526226032776, "train/total_time": 6865.918417692184, "train/episode_reward": 241.47689747780808, "train/episode_length": 1000.0, "train/episode": 200.0, "train/buffer_size": 100000.0, "train/step": 100000.0, "train/frame": 200000}