{"eval/total_time": 2856.21817278862, "eval/episode_reward": 499.40103268841506, "eval/episode_length": 1000.0, "eval/episode": 200.0, "eval/step": 100000.0, "eval/frame": 200000, "_runtime": 2910, "_timestamp": 1674099107, "_step": 216, "train/extr_reward": 1.477667064666748, "train/batch_reward": 1.477667064666748, "train/pred_error_mean": 0.0, "train/pred_error_std": 1.0, "train/critic_target_q": 86.41465335083008, "train/critic_q1": 86.41216687011719, "train/critic_q2": 86.41170388793945, "train/critic_loss": 13.98445666885376, "train/actor_loss": -87.40317401123046, "train/actor_logprob": 2.8244920530319213, "train/actor_ent": -1.1429965496063232, "train/fps": 89.07789420424217, "train/total_time": 2856.212282180786, "train/episode_reward": 486.5093187406504, "train/episode_length": 1000.0, "train/episode": 200.0, "train/buffer_size": 100000.0, "train/step": 100000.0, "train/frame": 200000}