{"eval/total_time": 4661.937660694122, "eval/episode_reward": 182.37709263601107, "eval/episode_length": 1000.0, "eval/episode": 200.0, "eval/step": 100000.0, "eval/frame": 200000, "_runtime": 4731, "_timestamp": 1674091366, "_step": 216, "train/extr_reward": 0.9785902767181397, "train/batch_reward": 0.9785902767181397, "train/critic_target_q": 31.347990562438966, "train/critic_q1": 31.347975593566893, "train/critic_q2": 31.347995361328124, "train/critic_loss": 0.7520937013626099, "train/actor_loss": -31.336721488952637, "train/actor_logprob": 2.9772914333343508, "train/actor_ent": -1.1429965496063232, "train/fps": 54.683670917077386, "train/total_time": 4661.92653632164, "train/episode_reward": 107.35030082143503, "train/episode_length": 1000.0, "train/episode": 200.0, "train/buffer_size": 100000.0, "train/step": 100000.0, "train/frame": 200000}