{"eval/total_time": 4886.181849956512, "eval/episode_reward": 25.565302138917097, "eval/episode_length": 1000.0, "eval/episode": 200.0, "eval/step": 100000.0, "eval/frame": 200000, "_runtime": 4961, "_timestamp": 1674091726, "_step": 216, "train/extr_reward": 0.15400950729846954, "train/batch_reward": 0.15400950729846954, "train/critic_target_q": 4.85292163848877, "train/critic_q1": 4.852868768692017, "train/critic_q2": 4.852866195678711, "train/critic_loss": 0.00473086752044037, "train/actor_loss": -4.851348533630371, "train/actor_logprob": 2.970864513397217, "train/actor_ent": -1.1429965496063232, "train/fps": 53.73406422933174, "train/total_time": 4886.169663906097, "train/episode_reward": 27.112143757587233, "train/episode_length": 1000.0, "train/episode": 200.0, "train/buffer_size": 100000.0, "train/step": 100000.0, "train/frame": 200000}