{"eval/total_time": 5185.901354789734, "eval/episode_reward": 216.3904501567362, "eval/episode_length": 1000.0, "eval/episode": 200.0, "eval/step": 100000.0, "eval/frame": 200000, "_runtime": 5245, "_timestamp": 1674094541, "_step": 216, "train/extr_reward": 0.6570496146678925, "train/batch_reward": 0.6570496146678925, "train/critic_target_q": 30.138413787841795, "train/critic_q1": 30.138705680847167, "train/critic_q2": 30.13864436340332, "train/critic_loss": 2.3312288508415224, "train/actor_loss": -30.427168128967285, "train/actor_logprob": 2.8549044942855835, "train/actor_ent": -1.1429965496063232, "train/fps": 44.900468635281406, "train/total_time": 5185.894040822983, "train/episode_reward": 126.22293113967372, "train/episode_length": 1000.0, "train/episode": 200.0, "train/buffer_size": 100000.0, "train/step": 100000.0, "train/frame": 200000}