{"eval/total_time": 4966.903276443481, "eval/episode_reward": 197.73655285086403, "eval/episode_length": 1000.0, "eval/episode": 200.0, "eval/step": 100000.0, "eval/frame": 200000, "_runtime": 5045, "_timestamp": 1674093972, "_step": 216, "train/extr_reward": 0.7897244346141815, "train/batch_reward": 0.7897244346141815, "train/critic_target_q": 33.812072311401366, "train/critic_q1": 33.811413345336916, "train/critic_q2": 33.8117057800293, "train/critic_loss": 2.3876220645904542, "train/actor_loss": -34.06925054931641, "train/actor_logprob": 2.882893822669983, "train/actor_ent": -1.1429965496063232, "train/fps": 52.926306620655325, "train/total_time": 4966.893271446228, "train/episode_reward": 209.50424821008448, "train/episode_length": 1000.0, "train/episode": 200.0, "train/buffer_size": 100000.0, "train/step": 100000.0, "train/frame": 200000}