{"eval/total_time": 0.017176389694213867, "eval/episode_reward": 123.07664723084206, "eval/episode_length": 1000.0, "eval/episode": 0.0, "eval/step": 0.0, "eval/frame": 0, "_runtime": 81, "_timestamp": 1674086717, "_step": 0}