{"eval/total_time": 3503.176176071167, "eval/episode_reward": 36.16824997716985, "eval/episode_length": 1000.0, "eval/episode": 200.0, "eval/step": 100000.0, "eval/frame": 200000, "_runtime": 3584, "_timestamp": 1674088774, "_step": 216, "train/extr_reward": 0.17522530096769334, "train/batch_reward": 0.17522530096769334, "train/pred_error_mean": 0.0, "train/pred_error_std": 1.0, "train/critic_target_q": 5.7607477741241455, "train/critic_q1": 5.7605392990112305, "train/critic_q2": 5.760555238723755, "train/critic_loss": 0.06471450281701982, "train/actor_loss": -5.753941617965698, "train/actor_logprob": 2.9743177633285525, "train/actor_ent": -1.1429965496063232, "train/fps": 82.26626061906111, "train/total_time": 3503.1640033721924, "train/episode_reward": 47.692243167432316, "train/episode_length": 1000.0, "train/episode": 200.0, "train/buffer_size": 100000.0, "train/step": 100000.0, "train/frame": 200000}