{"eval/total_time": 3585.4537007808685, "eval/episode_reward": 25.290971551602624, "eval/episode_length": 1000.0, "eval/episode": 200.0, "eval/step": 100000.0, "eval/frame": 200000, "_runtime": 3655, "_timestamp": 1674088886, "_step": 216, "train/extr_reward": 0.16834544515609742, "train/batch_reward": 0.16834544515609742, "train/pred_error_mean": 0.0, "train/pred_error_std": 1.0, "train/critic_target_q": 5.657885187149048, "train/critic_q1": 5.657763061523437, "train/critic_q2": 5.657700407028198, "train/critic_loss": 0.04430609433166683, "train/actor_loss": -5.649947513580322, "train/actor_logprob": 2.9760295248031614, "train/actor_ent": -1.1429965496063232, "train/fps": 78.95294820640336, "train/total_time": 3585.4438757896423, "train/episode_reward": 9.884560440819017, "train/episode_length": 1000.0, "train/episode": 200.0, "train/buffer_size": 100000.0, "train/step": 100000.0, "train/frame": 200000}