{"eval/total_time": 6783.958673238754, "eval/episode_reward": 110.64200673484417, "eval/episode_length": 1000.0, "eval/episode": 200.0, "eval/step": 100000.0, "eval/frame": 200000, "_runtime": 6873, "_timestamp": 1674098617, "_step": 216, "train/extr_reward": 0.3022527253627777, "train/batch_reward": 0.3022527253627777, "train/pred_error_mean": 0.0, "train/pred_error_std": 1.0, "train/critic_target_q": 15.331243217468261, "train/critic_q1": 15.330951168060302, "train/critic_q2": 15.331011653900147, "train/critic_loss": 0.39165226900577543, "train/actor_loss": -15.531400047302245, "train/actor_logprob": 2.7561422204971313, "train/actor_ent": -1.1429965496063232, "train/fps": 37.29535081613368, "train/total_time": 6783.947020292282, "train/episode_reward": 126.84008890854209, "train/episode_length": 1000.0, "train/episode": 200.0, "train/buffer_size": 100000.0, "train/step": 100000.0, "train/frame": 200000}