{"eval/total_time": 5281.478164434433, "eval/episode_reward": 121.33158157144241, "eval/episode_length": 1000.0, "eval/episode": 200.0, "eval/step": 100000.0, "eval/frame": 200000, "_runtime": 5343, "_timestamp": 1674093307, "_step": 216, "train/extr_reward": 0.42876088523864747, "train/batch_reward": 0.42876088523864747, "train/critic_target_q": 21.17628589630127, "train/critic_q1": 21.176537384033203, "train/critic_q2": 21.17639419555664, "train/critic_loss": 3.3853678340911864, "train/actor_loss": -21.41821714782715, "train/actor_logprob": 2.842976342201233, "train/actor_ent": -1.1429965496063232, "train/fps": 45.01157880255965, "train/total_time": 5281.471887588501, "train/episode_reward": 91.68907891664598, "train/episode_length": 1000.0, "train/episode": 200.0, "train/buffer_size": 100000.0, "train/step": 100000.0, "train/frame": 200000}