{"eval/total_time": 0.012487649917602539, "eval/episode_reward": 20.187278266530907, "eval/episode_length": 1000.0, "eval/episode": 0.0, "eval/step": 0.0, "eval/frame": 0, "_runtime": 68, "_timestamp": 1674086704, "_step": 0}