{"eval/total_time": 4976.172708272934, "eval/episode_reward": 68.81589981124773, "eval/episode_length": 1000.0, "eval/episode": 200.0, "eval/step": 100000.0, "eval/frame": 200000, "_runtime": 5057, "_timestamp": 1674094039, "_step": 216, "train/extr_reward": 0.2265045446753502, "train/batch_reward": 0.2265045446753502, "train/critic_target_q": 10.20181019973755, "train/critic_q1": 10.201896041870118, "train/critic_q2": 10.201827255249023, "train/critic_loss": 0.40182378166913985, "train/actor_loss": -10.274100284576416, "train/actor_logprob": 2.740262601852417, "train/actor_ent": -1.1429965496063232, "train/fps": 54.13982137993616, "train/total_time": 4976.1615624427795, "train/episode_reward": 44.573931975951, "train/episode_length": 1000.0, "train/episode": 200.0, "train/buffer_size": 100000.0, "train/step": 100000.0, "train/frame": 200000}