{"eval/total_time": 5075.584233522415, "eval/episode_reward": 207.5187407458308, "eval/episode_length": 1000.0, "eval/episode": 200.0, "eval/step": 100000.0, "eval/frame": 200000, "_runtime": 5165, "_timestamp": 1674095421, "_step": 216, "train/extr_reward": 0.681693264245987, "train/batch_reward": 0.681693264245987, "train/pred_error_mean": 0.0, "train/pred_error_std": 1.0, "train/critic_target_q": 29.39381787109375, "train/critic_q1": 29.39581024169922, "train/critic_q2": 29.39653872680664, "train/critic_loss": 9.095326494216918, "train/actor_loss": -29.625133438110353, "train/actor_logprob": 2.876146894454956, "train/actor_ent": -1.1429965496063232, "train/fps": 55.37568563867296, "train/total_time": 5075.5708866119385, "train/episode_reward": 152.84045428456852, "train/episode_length": 1000.0, "train/episode": 200.0, "train/buffer_size": 100000.0, "train/step": 100000.0, "train/frame": 200000}