{"eval/total_time": 3459.561229467392, "eval/episode_reward": 131.1596841826993, "eval/episode_length": 1000.0, "eval/episode": 200.0, "eval/step": 100000.0, "eval/frame": 200000, "_runtime": 3533, "_timestamp": 1674101136, "_step": 216, "train/extr_reward": 0.36060049808025363, "train/batch_reward": 0.36060049808025363, "train/critic_target_q": 18.045177864074706, "train/critic_q1": 18.044617866516113, "train/critic_q2": 18.04440439605713, "train/critic_loss": 0.6813906955718995, "train/actor_loss": -18.33344390106201, "train/actor_logprob": 2.966327078819275, "train/actor_ent": -1.1429965496063232, "train/fps": 88.48447854448055, "train/total_time": 3459.5486879348755, "train/episode_reward": 232.729755999073, "train/episode_length": 1000.0, "train/episode": 200.0, "train/buffer_size": 100000.0, "train/step": 100000.0, "train/frame": 200000}