{"eval/total_time": 6034.544063806534, "eval/episode_reward": 46.05644492408635, "eval/episode_length": 1000.0, "eval/episode": 200.0, "eval/step": 100000.0, "eval/frame": 200000, "_runtime": 6102, "_timestamp": 1674094297, "_step": 216, "train/extr_reward": 0.18218794369697572, "train/batch_reward": 0.18218794369697572, "train/critic_target_q": 7.306398546218872, "train/critic_q1": 7.306400985717773, "train/critic_q2": 7.306497289657592, "train/critic_loss": 0.2597053493261337, "train/actor_loss": -7.345775173187256, "train/actor_logprob": 2.6344060535430907, "train/actor_ent": -1.1429965496063232, "train/fps": 39.518462952128786, "train/total_time": 6034.537850618362, "train/episode_reward": 23.890559980484397, "train/episode_length": 1000.0, "train/episode": 200.0, "train/buffer_size": 100000.0, "train/step": 100000.0, "train/frame": 200000}