{"eval/total_time": 0.01797628402709961, "eval/episode_reward": 210.0511317694673, "eval/episode_length": 1000.0, "eval/episode": 0.0, "eval/step": 0.0, "eval/frame": 0, "_runtime": 83, "_timestamp": 1674086717, "_step": 0}